{
  "cfg": {
    "polar": {
      "R": 260,
      "T": 720
    },
    "gate": {
      "center_off_max": 0.12,
      "blur_min": 40.0,
      "illum_max": 0.1,
      "diagnostic_on_fail": true
    },
    "signature": {
      "r_start": 0.1,
      "r_end": 0.95,
      "corr_min": 0.92,
      "de_mean_max": 10.0,
      "de_p95_max": 18.0,
      "use_band_model": true,
      "band_k": 2.5,
      "fail_ratio_max": 0.08,
      "use_weighted_segments": true,
      "segments": [
        {
          "name": "inner",
          "start": 0.0,
          "end": 0.33,
          "weight": 1.2
        },
        {
          "name": "mid",
          "start": 0.33,
          "end": 0.66,
          "weight": 1.0
        },
        {
          "name": "outer",
          "start": 0.66,
          "end": 1.0,
          "weight": 1.4
        }
      ],
      "segment_fail_ratio_max": 0.18,
      "use_segment_k": true,
      "segment_k": {
        "inner": 2.8,
        "mid": 2.5,
        "outer": 2.8
      }
    },
    "anomaly": {
      "r_start": 0.15,
      "r_end": 0.95,
      "angular_unif_max": 0.18,
      "center_frac": 0.28,
      "center_blob_max": 1,
      "center_blob_min_area": 25,
      "enable_heatmap": true,
      "heatmap_downsample_T": 180,
      "heatmap_downsample_R": 130
    },
    "registration": {
      "order_check_enabled": false,
      "order_metric": "L_mean",
      "order_direction": "asc",
      "sep_threshold": 1.0,
      "max_within_std": null
    },
    "mode_stability": {
      "enabled": true,
      "window": 10,
      "emit_shift_flag": true
    },
    "pattern_baseline": {
      "require": false,
      "use_relative": true,
      "margins": {
        "blob_count": 1,
        "blob_area_ratio": 0.2,
        "uniformity": 0.03,
        "coverage_eps": 0.01,
        "sharpness_eps": 0.03
      }
    },
    "diagnostics": {
      "delta_L_threshold": 1.0,
      "delta_a_threshold": 0.8,
      "delta_b_threshold": 0.8,
      "coverage_l_delta": 5.0,
      "coverage_delta_pp_threshold": 2.0,
      "edge_sharpness_delta_threshold": 0.1
    },
    "v2_ink": {
      "enabled": true,
      "dark_top_p": 0.25,
      "chroma_top_p": 0.35,
      "min_samples": 8000,
      "min_samples_warn": 2000,
      "l_weight": 0.3,
      "kmeans_attempts": 10,
      "rng_seed": 123,
      "min_area_ratio_warn": 0.03,
      "separation_d0": 3.0,
      "separation_k": 1.0,
      "roi_r_start": 0.15,
      "roi_r_end": 0.95
    }
  },
  "results": [
    {
      "path": "C:\\X\\Color_total\\Color_meter\\data\\samples\\INK3\\G1.png",
      "decision": {
        "label": "OK",
        "reasons": [],
        "gate": {
          "passed": true,
          "reasons": [],
          "scores": {
            "center_offset_ratio": 0.04241122550729887,
            "blur_var": 4456.27292357061,
            "illum_sym": 0.050635966092225274
          }
        },
        "signature": {
          "passed": true,
          "score_corr": 1.0,
          "delta_e_mean": 0.0,
          "delta_e_p95": 0.0,
          "fail_ratio": 0.0,
          "fail_regions_r": [],
          "reasons": [],
          "flags": {
            "segment_violation_reasons": []
          },
          "debug": {
            "delta_e_curve": [
              0.0,
              0.0,
              0.0,
              0.0,
              0.0,
              0.0,
              0.0,
              0.0,
              0.0,
              0.0,
              0.0,
              0.0,
              0.0,
              0.0,
              0.0,
              0.0,
              0.0,
              0.0,
              0.0,
              0.0,
              0.0,
              0.0,
              0.0,
              0.0,
              0.0,
              0.0,
              0.0,
              0.0,
              0.0,
              0.0,
              0.0,
              0.0,
              0.0,
              0.0,
              0.0,
              0.0,
              0.0,
              0.0,
              0.0,
              0.0,
              0.0,
              0.0,
              0.0,
              0.0,
              0.0,
              0.0,
              0.0,
              0.0,
              0.0,
              0.0,
              0.0,
              0.0,
              0.0,
              0.0,
              0.0,
              0.0,
              0.0,
              0.0,
              0.0,
              0.0,
              0.0,
              0.0,
              0.0,
              0.0,
              0.0,
              0.0,
              0.0,
              0.0,
              0.0,
              0.0,
              0.0,
              0.0,
              0.0,
              0.0,
              0.0,
              0.0,
              0.0,
              0.0,
              0.0,
              0.0,
              0.0,
              0.0,
              0.0,
              0.0,
              0.0,
              0.0,
              0.0,
              0.0,
              0.0,
              0.0,
              0.0,
              0.0,
              0.0,
              0.0,
              0.0,
              0.0,
              0.0,
              0.0,
              0.0,
              0.0,
              0.0,
              0.0,
              0.0,
              0.0,
              0.0,
              0.0,
              0.0,
              0.0,
              0.0,
              0.0,
              0.0,
              0.0,
              0.0,
              0.0,
              0.0,
              0.0,
              0.0,
              0.0,
              0.0,
              0.0,
              0.0,
              0.0,
              0.0,
              0.0,
              0.0,
              0.0,
              0.0,
              0.0,
              0.0,
              0.0,
              0.0,
              0.0,
              0.0,
              0.0,
              0.0,
              0.0,
              0.0,
              0.0,
              0.0,
              0.0,
              0.0,
              0.0,
              0.0,
              0.0,
              0.0,
              0.0,
              0.0,
              0.0,
              0.0,
              0.0,
              0.0,
              0.0,
              0.0,
              0.0,
              0.0,
              0.0,
              0.0,
              0.0,
              0.0,
              0.0,
              0.0,
              0.0,
              0.0,
              0.0,
              0.0,
              0.0,
              0.0,
              0.0,
              0.0,
              0.0,
              0.0,
              0.0,
              0.0,
              0.0,
              0.0,
              0.0,
              0.0,
              0.0,
              0.0,
              0.0,
              0.0,
              0.0,
              0.0,
              0.0,
              0.0,
              0.0,
              0.0,
              0.0,
              0.0,
              0.0,
              0.0,
              0.0,
              0.0,
              0.0,
              0.0,
              0.0,
              0.0,
              0.0,
              0.0,
              0.0,
              0.0,
              0.0,
              0.0,
              0.0,
              0.0,
              0.0,
              0.0,
              0.0,
              0.0,
              0.0,
              0.0,
              0.0,
              0.0,
              0.0,
              0.0,
              0.0,
              0.0,
              0.0,
              0.0,
              0.0,
              0.0
            ],
            "band_fail_ratio": 0.0,
            "band_fail_ratio_weighted": 0.0,
            "segment_stats": {
              "inner": {
                "r_idx": [
                  0,
                  73
                ],
                "weight": 1.2,
                "de_mean": 0.0,
                "de_p95": 0.0,
                "fail_ratio": 0.0
              },
              "mid": {
                "r_idx": [
                  73,
                  146
                ],
                "weight": 1.0,
                "de_mean": 0.0,
                "de_p95": 0.0,
                "fail_ratio": 0.0
              },
              "outer": {
                "r_idx": [
                  146,
                  221
                ],
                "weight": 1.4,
                "de_mean": 0.0,
                "de_p95": 0.0,
                "fail_ratio": 0.0
              }
            },
            "band_weighted_enabled": true,
            "segment_k_enabled": true,
            "segment_k_map": {
              "inner": 2.8,
              "mid": 2.5,
              "outer": 2.8
            }
          }
        },
        "anomaly": {
          "passed": true,
          "reasons": [],
          "scores": {
            "angular_uniformity": 0.10809576511383057,
            "center_blob_count": 1.0
          },
          "debug": {
            "blob_count": 1,
            "blobs": [
              {
                "area": 54.0,
                "cx": 82.61111111111111,
                "cy": 83.61111111111111
              }
            ],
            "roi_box": [
              68,
              61,
              105,
              98
            ]
          },
          "type": "",
          "type_confidence": 0.0,
          "type_details": {}
        },
        "debug": {
          "test_geom": {
            "cx": 87.0,
            "cy": 79.80000305175781,
            "r": 66.44000244140625
          },
          "std_geoms": {
            "LOW": {
              "cx": 87.0,
              "cy": 79.80000305175781,
              "r": 66.44000244140625
            },
            "MID": {
              "cx": 123.00000762939453,
              "cy": 123.00000762939453,
              "r": 103.72000122070312
            },
            "HIGH": {
              "cx": 135.0,
              "cy": 118.20000457763672,
              "r": 107.44000244140625
            }
          }
        },
        "diagnostics": {
          "color": {
            "overall": {
              "std_lab_mean": [
                144.47769165039062,
                125.9913101196289,
                130.58718872070312
              ],
              "sample_lab_mean": [
                142.71693420410156,
                125.92826080322266,
                129.79721069335938
              ],
              "direction": {
                "delta_L": -1.7607574462890625,
                "delta_a": -0.06304931640625,
                "delta_b": -0.78997802734375
              }
            }
          },
          "pattern": {
            "dot": {
              "coverage_std": 0.3755656108597285,
              "coverage_sample": 0.31080662393162395,
              "coverage_delta_pp": -6.475898692810455,
              "edge_sharpness_std": 0.38595008850097656,
              "edge_sharpness_sample": 4.371720790863037,
              "edge_sharpness_delta": 3.9857707023620605
            }
          },
          "v2_diagnostics": {
            "expected_ink_count": 3,
            "expected_ink_count_registry": null,
            "expected_ink_count_input": 3,
            "roi": {
              "r_start_config": 0.15,
              "r_start_effective": 0.28,
              "r_end": 0.95,
              "center_excluded_frac": 0.28
            },
            "sampling": {
              "rule": "ink_candidate_v1",
              "n_pixels_used": 23166,
              "dark_top_p": 0.25,
              "chroma_top_p": 0.35,
              "random_fallback_used": false,
              "rng_seed_used": 123,
              "warnings": []
            },
            "segmentation": {
              "k_used": 3,
              "clusters": [
                {
                  "area_ratio": 0.3025986359319693,
                  "mean_lab": [
                    71.61298370361328,
                    130.00941467285156,
                    138.43038940429688
                  ],
                  "mean_ab": [
                    130.00941467285156,
                    138.43038940429688
                  ]
                },
                {
                  "area_ratio": 0.13632046965380298,
                  "mean_lab": [
                    38.54179763793945,
                    132.46421813964844,
                    135.2691650390625
                  ],
                  "mean_ab": [
                    132.46421813964844,
                    135.2691650390625
                  ]
                },
                {
                  "area_ratio": 0.5610808944142277,
                  "mean_lab": [
                    93.98876953125,
                    128.65602111816406,
                    138.3506622314453
                  ],
                  "mean_ab": [
                    128.65602111816406,
                    138.3506622314453
                  ]
                }
              ],
              "quality": {
                "min_area_ratio": 0.13632046965380298,
                "min_deltaE_between_clusters": 1.3557398319244385,
                "mean_deltaE_between_clusters": 2.8225815296173096,
                "separation_margin": -1.6442601680755615
              },
              "warnings": [
                "INK_CLUSTER_OVERLAP_HIGH"
              ]
            },
            "warnings": [
              "INK_CLUSTER_OVERLAP_HIGH"
            ]
          }
        },
        "phase": "INSPECTION",
        "best_mode": "LOW",
        "mode_scores": {
          "LOW": {
            "passed": true,
            "score_corr": 1.0,
            "delta_e_mean": 0.0,
            "delta_e_p95": 0.0,
            "fail_ratio": 0.0,
            "fail_regions_r": [],
            "reasons": [],
            "flags": {
              "segment_violation_reasons": []
            },
            "debug": {
              "delta_e_curve": [
                0.0,
                0.0,
                0.0,
                0.0,
                0.0,
                0.0,
                0.0,
                0.0,
                0.0,
                0.0,
                0.0,
                0.0,
                0.0,
                0.0,
                0.0,
                0.0,
                0.0,
                0.0,
                0.0,
                0.0,
                0.0,
                0.0,
                0.0,
                0.0,
                0.0,
                0.0,
                0.0,
                0.0,
                0.0,
                0.0,
                0.0,
                0.0,
                0.0,
                0.0,
                0.0,
                0.0,
                0.0,
                0.0,
                0.0,
                0.0,
                0.0,
                0.0,
                0.0,
                0.0,
                0.0,
                0.0,
                0.0,
                0.0,
                0.0,
                0.0,
                0.0,
                0.0,
                0.0,
                0.0,
                0.0,
                0.0,
                0.0,
                0.0,
                0.0,
                0.0,
                0.0,
                0.0,
                0.0,
                0.0,
                0.0,
                0.0,
                0.0,
                0.0,
                0.0,
                0.0,
                0.0,
                0.0,
                0.0,
                0.0,
                0.0,
                0.0,
                0.0,
                0.0,
                0.0,
                0.0,
                0.0,
                0.0,
                0.0,
                0.0,
                0.0,
                0.0,
                0.0,
                0.0,
                0.0,
                0.0,
                0.0,
                0.0,
                0.0,
                0.0,
                0.0,
                0.0,
                0.0,
                0.0,
                0.0,
                0.0,
                0.0,
                0.0,
                0.0,
                0.0,
                0.0,
                0.0,
                0.0,
                0.0,
                0.0,
                0.0,
                0.0,
                0.0,
                0.0,
                0.0,
                0.0,
                0.0,
                0.0,
                0.0,
                0.0,
                0.0,
                0.0,
                0.0,
                0.0,
                0.0,
                0.0,
                0.0,
                0.0,
                0.0,
                0.0,
                0.0,
                0.0,
                0.0,
                0.0,
                0.0,
                0.0,
                0.0,
                0.0,
                0.0,
                0.0,
                0.0,
                0.0,
                0.0,
                0.0,
                0.0,
                0.0,
                0.0,
                0.0,
                0.0,
                0.0,
                0.0,
                0.0,
                0.0,
                0.0,
                0.0,
                0.0,
                0.0,
                0.0,
                0.0,
                0.0,
                0.0,
                0.0,
                0.0,
                0.0,
                0.0,
                0.0,
                0.0,
                0.0,
                0.0,
                0.0,
                0.0,
                0.0,
                0.0,
                0.0,
                0.0,
                0.0,
                0.0,
                0.0,
                0.0,
                0.0,
                0.0,
                0.0,
                0.0,
                0.0,
                0.0,
                0.0,
                0.0,
                0.0,
                0.0,
                0.0,
                0.0,
                0.0,
                0.0,
                0.0,
                0.0,
                0.0,
                0.0,
                0.0,
                0.0,
                0.0,
                0.0,
                0.0,
                0.0,
                0.0,
                0.0,
                0.0,
                0.0,
                0.0,
                0.0,
                0.0,
                0.0,
                0.0,
                0.0,
                0.0,
                0.0,
                0.0,
                0.0,
                0.0,
                0.0,
                0.0,
                0.0,
                0.0
              ],
              "band_fail_ratio": 0.0,
              "band_fail_ratio_weighted": 0.0,
              "segment_stats": {
                "inner": {
                  "r_idx": [
                    0,
                    73
                  ],
                  "weight": 1.2,
                  "de_mean": 0.0,
                  "de_p95": 0.0,
                  "fail_ratio": 0.0
                },
                "mid": {
                  "r_idx": [
                    73,
                    146
                  ],
                  "weight": 1.0,
                  "de_mean": 0.0,
                  "de_p95": 0.0,
                  "fail_ratio": 0.0
                },
                "outer": {
                  "r_idx": [
                    146,
                    221
                  ],
                  "weight": 1.4,
                  "de_mean": 0.0,
                  "de_p95": 0.0,
                  "fail_ratio": 0.0
                }
              },
              "band_weighted_enabled": true,
              "segment_k_enabled": true,
              "segment_k_map": {
                "inner": 2.8,
                "mid": 2.5,
                "outer": 2.8
              }
            }
          },
          "MID": {
            "passed": true,
            "score_corr": 0.9851200580596924,
            "delta_e_mean": 5.188390731811523,
            "delta_e_p95": 15.868980407714844,
            "fail_ratio": 0.0,
            "fail_regions_r": [],
            "reasons": [],
            "flags": {
              "segment_violation_reasons": []
            },
            "debug": {
              "delta_e_curve": [
                2.064276695251465,
                3.4603912830352783,
                5.9882636070251465,
                8.070952415466309,
                9.52710247039795,
                11.99315357208252,
                13.594130516052246,
                15.434046745300293,
                17.042844772338867,
                18.417993545532227,
                19.45502281188965,
                18.677324295043945,
                18.59412956237793,
                18.528133392333984,
                18.20948028564453,
                17.85877799987793,
                17.329574584960938,
                17.531675338745117,
                16.883745193481445,
                15.868980407714844,
                15.364633560180664,
                14.348343849182129,
                13.80104923248291,
                13.295358657836914,
                12.760616302490234,
                11.980304718017578,
                11.246639251708984,
                10.172636985778809,
                9.130914688110352,
                8.119433403015137,
                7.225893974304199,
                6.842827796936035,
                6.591302394866943,
                6.3810601234436035,
                6.123354434967041,
                6.1187520027160645,
                5.998693466186523,
                6.041394233703613,
                6.022177219390869,
                5.896557331085205,
                5.685903549194336,
                5.452125549316406,
                5.3681721687316895,
                5.1011128425598145,
                4.695374965667725,
                4.5540361404418945,
                4.348397254943848,
                4.2164530754089355,
                4.187574863433838,
                4.156338214874268,
                4.083399772644043,
                3.9659392833709717,
                3.739020824432373,
                3.5241053104400635,
                3.31878924369812,
                3.1130049228668213,
                3.1417744159698486,
                3.2178378105163574,
                3.1516478061676025,
                3.0280561447143555,
                2.9435172080993652,
                2.671133518218994,
                2.5045833587646484,
                2.445013999938965,
                2.1995513439178467,
                2.139770030975342,
                2.0672528743743896,
                2.0306007862091064,
                2.092481851577759,
                2.0026235580444336,
                1.9982805252075195,
                2.0375280380249023,
                1.86666738986969,
                1.7196842432022095,
                1.6812089681625366,
                1.4695430994033813,
                1.312584638595581,
                1.1777198314666748,
                1.154883861541748,
                1.1407204866409302,
                1.2508057355880737,
                1.138351559638977,
                0.876539945602417,
                0.8697780966758728,
                0.8363762497901917,
                0.9522597789764404,
                0.9195072054862976,
                1.164332628250122,
                1.3545790910720825,
                1.6782336235046387,
                1.873483419418335,
                2.270456314086914,
                2.5793378353118896,
                3.1859958171844482,
                3.519728899002075,
                3.806873083114624,
                4.0070109367370605,
                3.6585886478424072,
                3.3961238861083984,
                5.182606220245361,
                5.845009803771973,
                5.8641133308410645,
                5.324957847595215,
                4.751802444458008,
                4.171374320983887,
                5.495439052581787,
                6.012490272521973,
                5.764068126678467,
                4.43507719039917,
                4.252434253692627,
                3.6225407123565674,
                3.988081455230713,
                5.572761535644531,
                5.499904155731201,
                3.7998828887939453,
                3.833373546600342,
                2.885416030883789,
                2.6372387409210205,
                2.961554765701294,
                3.9567253589630127,
                3.209568500518799,
                2.955002546310425,
                2.8964128494262695,
                2.9039106369018555,
                2.8087403774261475,
                2.844906806945801,
                3.5511298179626465,
                4.128005504608154,
                4.737087726593018,
                3.9621989727020264,
                3.4119861125946045,
                2.592367172241211,
                2.9822945594787598,
                3.5818283557891846,
                3.2671384811401367,
                3.1662509441375732,
                2.6985208988189697,
                2.436487913131714,
                2.5688843727111816,
                3.7508792877197266,
                2.9810378551483154,
                3.714151620864868,
                3.6176929473876953,
                3.675691843032837,
                2.4488210678100586,
                3.8158037662506104,
                3.493858575820923,
                2.84031081199646,
                3.119680643081665,
                3.104238510131836,
                2.4775571823120117,
                2.1046385765075684,
                2.5823895931243896,
                2.877065420150757,
                3.5265440940856934,
                3.092254638671875,
                2.4833364486694336,
                2.233167886734009,
                2.8142507076263428,
                3.3744635581970215,
                5.100950241088867,
                4.822763919830322,
                3.9724669456481934,
                3.805002450942993,
                4.3642988204956055,
                5.746514320373535,
                6.828081130981445,
                5.657784461975098,
                4.705794334411621,
                3.578016996383667,
                2.5446465015411377,
                2.295539379119873,
                3.0634617805480957,
                2.8860361576080322,
                3.8373000621795654,
                4.691105365753174,
                5.560661315917969,
                7.33406925201416,
                6.452267169952393,
                5.316426753997803,
                4.957335948944092,
                4.048583984375,
                3.242431879043579,
                3.1599416732788086,
                1.5677355527877808,
                1.0183970928192139,
                1.7049518823623657,
                1.8492568731307983,
                1.4069634675979614,
                0.3821658492088318,
                2.467092514038086,
                0.7406949400901794,
                0.8991127610206604,
                0.7738277316093445,
                2.732814311981201,
                4.947296142578125,
                5.759773254394531,
                5.015645503997803,
                5.1642746925354,
                5.98732852935791,
                7.478369235992432,
                9.554618835449219,
                11.382125854492188,
                12.820743560791016,
                12.149688720703125,
                11.940638542175293,
                13.391789436340332,
                11.125454902648926,
                10.622579574584961,
                9.945980072021484,
                7.8790178298950195,
                4.953301429748535,
                4.253281593322754,
                2.626181125640869,
                2.1950132846832275,
                2.724390745162964,
                3.373279094696045,
                2.456697702407837,
                1.5599591732025146,
                2.0101468563079834,
                3.0801541805267334
              ],
              "band_fail_ratio": 0.0,
              "band_fail_ratio_weighted": 0.0,
              "segment_stats": {
                "inner": {
                  "r_idx": [
                    0,
                    73
                  ],
                  "weight": 1.2,
                  "de_mean": 7.93205451965332,
                  "de_p95": 18.46204948425293,
                  "fail_ratio": 0.0
                },
                "mid": {
                  "r_idx": [
                    73,
                    146
                  ],
                  "weight": 1.0,
                  "de_mean": 3.1446352005004883,
                  "de_p95": 5.649284362792969,
                  "fail_ratio": 0.0
                },
                "outer": {
                  "r_idx": [
                    146,
                    221
                  ],
                  "weight": 1.4,
                  "de_mean": 4.507145881652832,
                  "de_p95": 11.549676895141602,
                  "fail_ratio": 0.0
                }
              },
              "band_weighted_enabled": true,
              "segment_k_enabled": true,
              "segment_k_map": {
                "inner": 2.8,
                "mid": 2.5,
                "outer": 2.8
              }
            }
          },
          "HIGH": {
            "passed": false,
            "score_corr": 0.9435685873031616,
            "delta_e_mean": 9.599949836730957,
            "delta_e_p95": 30.197717666625977,
            "fail_ratio": 0.0,
            "fail_regions_r": [],
            "reasons": [
              "DELTAE_P95_HIGH"
            ],
            "flags": {
              "segment_violation_reasons": []
            },
            "debug": {
              "delta_e_curve": [
                7.532313823699951,
                9.904276847839355,
                11.841781616210938,
                14.048474311828613,
                16.61981201171875,
                17.7116641998291,
                19.27028465270996,
                20.225194931030273,
                20.834779739379883,
                22.312406539916992,
                21.541759490966797,
                22.441068649291992,
                21.850936889648438,
                22.529932022094727,
                23.694438934326172,
                24.55903434753418,
                26.957542419433594,
                29.036958694458008,
                30.197717666625977,
                30.112226486206055,
                29.889142990112305,
                29.769168853759766,
                29.20531463623047,
                28.888286590576172,
                29.023941040039062,
                28.847501754760742,
                28.256635665893555,
                27.064327239990234,
                25.470617294311523,
                23.386703491210938,
                21.003652572631836,
                19.22699546813965,
                18.006027221679688,
                16.885255813598633,
                15.614766120910645,
                14.724427223205566,
                13.892595291137695,
                13.251408576965332,
                12.84865665435791,
                12.307504653930664,
                11.873311996459961,
                11.59456729888916,
                11.200998306274414,
                10.900797843933105,
                10.488422393798828,
                10.001315116882324,
                9.434685707092285,
                8.948746681213379,
                8.527734756469727,
                8.078643798828125,
                7.77308464050293,
                7.640936851501465,
                7.579251766204834,
                7.599512577056885,
                7.710343360900879,
                7.6763224601745605,
                7.667065620422363,
                7.538218975067139,
                7.326362133026123,
                7.287795066833496,
                7.1368937492370605,
                6.851836681365967,
                6.6700544357299805,
                6.629446029663086,
                6.5102458000183105,
                6.344399452209473,
                5.93073844909668,
                5.691651821136475,
                5.533799648284912,
                5.331579685211182,
                5.320754051208496,
                5.318236827850342,
                5.217885494232178,
                5.070869445800781,
                4.928980827331543,
                4.634008407592773,
                4.438766956329346,
                4.418307304382324,
                4.421746253967285,
                4.4513678550720215,
                4.343579292297363,
                4.17277193069458,
                3.869102954864502,
                3.813361167907715,
                3.8583405017852783,
                3.8250925540924072,
                3.818000316619873,
                3.765348196029663,
                3.6812312602996826,
                3.4873034954071045,
                3.5399386882781982,
                3.498537540435791,
                3.1774864196777344,
                2.931016206741333,
                2.8270294666290283,
                2.751697063446045,
                2.602151870727539,
                2.3942089080810547,
                2.5356619358062744,
                2.6395061016082764,
                2.7822318077087402,
                2.907639741897583,
                2.937408685684204,
                2.9241647720336914,
                2.669276237487793,
                2.7465004920959473,
                2.964872360229492,
                2.874356985092163,
                2.9264369010925293,
                3.0916643142700195,
                3.1682677268981934,
                3.0152084827423096,
                2.975442409515381,
                2.9618940353393555,
                3.33833909034729,
                3.109020471572876,
                3.1032984256744385,
                3.2651844024658203,
                3.234070301055908,
                3.064591407775879,
                4.050477981567383,
                4.547107219696045,
                3.977905511856079,
                3.5663111209869385,
                3.3086798191070557,
                3.1349637508392334,
                3.3185291290283203,
                3.5201079845428467,
                3.825418710708618,
                3.3317184448242188,
                3.6581761837005615,
                3.2837815284729004,
                2.843647003173828,
                2.9248545169830322,
                2.859243154525757,
                2.693150520324707,
                3.439542770385742,
                2.8942739963531494,
                2.977625846862793,
                3.5420539379119873,
                3.4224259853363037,
                3.078228235244751,
                3.5482540130615234,
                3.3810019493103027,
                2.954134941101074,
                3.0422112941741943,
                3.168412685394287,
                3.5311601161956787,
                3.2389943599700928,
                2.934605121612549,
                3.058351993560791,
                3.8723886013031006,
                3.646049976348877,
                3.313572883605957,
                3.2077646255493164,
                3.0962886810302734,
                3.0788140296936035,
                4.00333833694458,
                3.172100305557251,
                3.301732063293457,
                3.137017011642456,
                2.9436850547790527,
                2.3557918071746826,
                2.524958372116089,
                2.9995641708374023,
                3.8127822875976562,
                3.2556209564208984,
                2.7109646797180176,
                2.0537195205688477,
                2.194890022277832,
                2.495121479034424,
                3.3415141105651855,
                3.6948397159576416,
                2.738483428955078,
                2.1662003993988037,
                2.3152081966400146,
                2.715696334838867,
                4.529113292694092,
                4.650871276855469,
                1.895835041999817,
                1.292156457901001,
                1.9297384023666382,
                2.5574893951416016,
                1.8728017807006836,
                1.5086504220962524,
                0.8080660104751587,
                2.3955318927764893,
                4.921646595001221,
                5.457064151763916,
                5.721165657043457,
                4.31799840927124,
                4.691606521606445,
                4.447160243988037,
                3.731351613998413,
                5.998492240905762,
                9.714508056640625,
                10.888931274414062,
                13.476149559020996,
                13.967466354370117,
                14.333150863647461,
                13.109431266784668,
                13.185486793518066,
                10.792848587036133,
                14.065967559814453,
                15.021682739257812,
                19.277305603027344,
                22.35845184326172,
                26.3529109954834,
                28.808704376220703,
                32.01194763183594,
                30.21273422241211,
                30.703039169311523,
                30.37567138671875,
                28.270322799682617,
                30.24171257019043,
                32.98551559448242,
                33.79467010498047,
                35.7846565246582,
                35.58940124511719,
                33.80573272705078,
                32.4537239074707
              ],
              "band_fail_ratio": 0.0,
              "band_fail_ratio_weighted": 0.0,
              "segment_stats": {
                "inner": {
                  "r_idx": [
                    0,
                    73
                  ],
                  "weight": 1.2,
                  "de_mean": 15.152345657348633,
                  "de_p95": 29.430856704711914,
                  "fail_ratio": 0.0
                },
                "mid": {
                  "r_idx": [
                    73,
                    146
                  ],
                  "weight": 1.0,
                  "de_mean": 3.3846452236175537,
                  "de_p95": 4.489663600921631,
                  "fail_ratio": 0.0
                },
                "outer": {
                  "r_idx": [
                    146,
                    221
                  ],
                  "weight": 1.4,
                  "de_mean": 10.2451810836792,
                  "de_p95": 33.2282600402832,
                  "fail_ratio": 0.0
                }
              },
              "band_weighted_enabled": true,
              "segment_k_enabled": true,
              "segment_k_map": {
                "inner": 2.8,
                "mid": 2.5,
                "outer": 2.8
              }
            }
          }
        },
        "mode_shift": {},
        "registration_summary": {},
        "reason_codes": [],
        "reason_messages": []
      }
    }
  ],
  "multi_mode": true,
  "sku": "",
  "ink": "INK_DEFAULT",
  "phase": "INSPECTION"
}