{
  "polar": {
    "R": 260,
    "T": 720
  },
  "gate": {
    "center_off_max": 0.12,
    "blur_min": 40.0,
    "illum_max": 0.1,
    "diagnostic_on_fail": true
  },
  "signature": {
    "r_start": 0.1,
    "r_end": 0.95,
    "corr_min": 0.92,
    "de_mean_max": 10.0,
    "de_p95_max": 18.0,
    "use_band_model": true,
    "band_k": 2.5,
    "fail_ratio_max": 0.08,
    "use_weighted_segments": true,
    "segments": [
      {
        "name": "inner",
        "start": 0.0,
        "end": 0.33,
        "weight": 1.2
      },
      {
        "name": "mid",
        "start": 0.33,
        "end": 0.66,
        "weight": 1.0
      },
      {
        "name": "outer",
        "start": 0.66,
        "end": 1.0,
        "weight": 1.4
      }
    ],
    "segment_fail_ratio_max": 0.18,
    "use_segment_k": true,
    "segment_k": {
      "inner": 2.8,
      "mid": 2.5,
      "outer": 2.8
    }
  },
  "anomaly": {
    "r_start": 0.15,
    "r_end": 0.95,
    "angular_unif_max": 0.18,
    "center_frac": 0.28,
    "center_blob_max": 1,
    "center_blob_min_area": 25,
    "enable_heatmap": true,
    "heatmap_downsample_T": 180,
    "heatmap_downsample_R": 130
  },
  "registration": {
    "order_check_enabled": false,
    "order_metric": "L_mean",
    "order_direction": "asc",
    "sep_threshold": 1.0,
    "max_within_std": null
  },
  "mode_stability": {
    "enabled": true,
    "window": 10,
    "emit_shift_flag": true
  },
  "pattern_baseline": {
    "require": false,
    "use_relative": true,
    "margins": {
      "blob_count": 1,
      "blob_area_ratio": 0.2,
      "uniformity": 0.03,
      "coverage_eps": 0.01,
      "sharpness_eps": 0.03
    }
  },
  "diagnostics": {
    "delta_L_threshold": 1.0,
    "delta_a_threshold": 0.8,
    "delta_b_threshold": 0.8,
    "coverage_l_delta": 5.0,
    "coverage_delta_pp_threshold": 2.0,
    "edge_sharpness_delta_threshold": 0.1
  },
  "v2_ink": {
    "enabled": true,
    "dark_top_p": 0.25,
    "chroma_top_p": 0.35,
    "min_samples": 8000,
    "min_samples_warn": 2000,
    "l_weight": 0.3,
    "kmeans_attempts": 10,
    "rng_seed": 123,
    "min_area_ratio_warn": 0.03,
    "separation_d0": 3.0,
    "separation_k": 1.0,
    "roi_r_start": 0.15,
    "roi_r_end": 0.95
  }
}